{
  "nodes": [
    "5.71,9.61",
    "17.14,19.85",
    "28.57,23.92",
    "40,25",
    "51.42,23.92",
    "62.85,19.85",
    "74.28,9.61",
    "28.57,9.61",
    "17.14,9.61",
    "40,9.61",
    "51.42,9.61",
    "62.85,9.61"
  ],
  "members": [
    "0,1",
    "1,2",
    "2,3",
    "3,4",
    "5,4",
    "6,5",
    "11,6",
    "11,10",
    "10,9",
    "9,7",
    "7,8",
    "8,0",
    "7,3",
    "3,10",
    "10,4",
    "4,11",
    "11,5",
    "9,3",
    "7,2",
    "2,8",
    "8,1"
  ],
  "supports": { "0": "P", "6": "Rh" },
  "forces": ["1,0,-100", "2,0,-100", "3,0,-100", "4,0,-100", "5,0,-100"],
  "workspace": {
    "workspace-width": 187,
    "workspace-height": 102,
    "workspace-width-pixels": 1412,
    "Yaxis-dist-from-left": 88.9971671388102,
    "Xaxis-dist-from-bottom": 30.433852691218124,
    "grid-x": 1,
    "grid-y": 1,
    "force-scale": 100
  }
}
